Genre,Frequency
Fiction,724
Classics,250
Fantasy,187
Young Adult,141
Historical Fiction,121
Mystery,106
Biography,102
Romance,99
Thriller,78
Literature,67
Contemporary,58
fiction,57
History,56
Book Club,54
Science Fiction,49
Childrens,46
Horror,43
Mystery Thriller,41
Crime,37
Audiobook,33
Juvenile fiction,32
Dystopia,32
Historical,31
Social life and customs,31
Poetry,30
Philosophy,30
Nonfiction,28
Adventure,27
Classic Literature,26
Paranormal,25
Novels,22
Drama,22
Open Library Staff Picks,20
Early works to 1800,20
Translations into English,19
general,18
School,18
Middle Grade,18
Hercule Poirot (Fictitious character),18
Private investigators,18
Vampires,17
Humor,17
Mythology,17
Description and travel,16
Animals,15
Travel,15
American Authors,14
Magic,13
Picture Books,12
Correspondence,12
Politics and government,12
Children's stories,11
Literary Fiction,11
Memoir,11
Biographies,11
New York Times bestseller,11
Detective and mystery stories,10
Religion,10
biography,10
France,10
Plays,10
American,10
Gothic,10
Psychology,10
Fairy tales,10
Short Stories,9
Children's fiction,9
Realistic Fiction,9
Jane Marple (Fictitious character),9
Murder,9
War,9
High Fantasy,9
Epic Fantasy,9
Art,8
Juvenile literature,8
English Detective and mystery stories,8
English,8
British,8
Urban Fantasy,8
Adult,8
Russia,8
Feminism,8
Harry Potter,8
Family,7
Adventure and adventurers,7
Holocaust,7
Continental european fiction (fictional works by one author),7
Africa,7
Women detectives,7
Diaries,7
Science Fiction Fantasy,7
Shakespeare,7
Readers,7
Chick Lit,6
American fiction (fictional works by one author),6
LGBT,6
Social conditions,6
Americans,6
Magical Realism,6
Poor,6
Man-woman relationships,6
Agatha Christie,6
English Authors,6
African Americans,6
Bibliography,6
Utopias,5
Death,5
Women,5
Childhood and youth,5
Romans,5
Princes,5
British and irish fiction (fictional works by one author),5
Jews,5
Biography & Autobiography,5
Science,5
historical,5
1939-1945,5
Case studies,5
Russian Literature,5
American Novelists,5
Spirituality,5
Criticism and interpretation,5
Noir,5
Adventure stories,5
Christianity,5
Romantasy,5
World War,5
Japan,5
Christian,5
Fantasy fiction,5
history,5
Authors,5
Jewish (1939-1945),4
China,4
Communism,4
horror fiction,4
20th century,4
science fiction,4
Juvenile Fiction,4
mystery & detective,4
United States,4
Graphic Novels,4
Time Travel,4
Married people,4
Catalogues raisonnés,4
Mental Health,4
Classical Mythology,4
Spanish language books,4
Love,4
Mate selection,4
Dragons,4
fantasy,4
Young Adult Fantasy,4
Police,4
Married women,4
English literature,4
Poetry (poetic works by one author),4
Knights and knighthood,4
Manuscripts,4
Ficción,4
Comics,4
Autobiography,4
Political science,4
Japanese Literature,4
Voyages and travels,4
Kings and rulers,4
Young women,4
Anecdotes,4
Facsimiles,4
Friends and associates,3
Frontier and pioneer life,3
Catalogs,3
19th century,3
Art collections,3
Ghosts,3
open_syllabus_project,3
Sources,3
Plague,3
Artists,3
foster homes,3
Anarchists,3
Humorous stories,3
Translations into Russian,3
comedy,3
Belgians,3
Sociology,3
Brothers and sisters,3
thrillers,3
Fiction in English,3
English language,3
Spanish fiction,3
Inheritance and succession,3
German fiction,3
Superintendent Battle (Fictitious character),3
Ciencia-ficción,3
Families,3
Arthurian romances,3
Boarding schools,3
Cyrus,3
Abused children,3
short stories (single author),3
Economics,3
Young men,3
Family life,3
Civilization,3
orphans,3
Juvenile audience,3
English Novelists,3
Friendship,3
adventure and adventurers,3
Business,3
Criminals,3
Children,3
English Fantasy fiction,3
Farm life,3
Intellectual life,3
Philosophers,3
Auschwitz (Concentration camp),3
Slavery,3
True Crime,3
Air pilots,3
Greek Mythology,3
BDSM,3
Ireland,3
Percy Jackson,3
Self Help,3
Westerns,3
Coming Of Age,3
Erotica,3
Dogs,3
Criticism,2
Botany,2
Suspense,2
Elves,2
Enemies To Lovers,2
Sexual dominance and submission,2
Sexual behavior,2
,2
Scientists,2
Serial murderers,2
Kidnapping,2
humorous stories,2
German Literature,2
Printers,2
Anarchism,2
Greco-Roman,2
World war,2
Concordances,2
1914-1918,2
Austrian Authors,2
Thomas,2
Witches,2
Reincarnation,2
Knowledge,2
Islands,2
Exhibitions,2
Political prisoners,2
Concentration camps,2
Peace,2
Prisoners,2
Great britain,2
Crimes against,2
Teenage boys,2
Marcus,2
Antonius,2
Children's poetry,2
espionage,2
American Manuscripts,2
Youth,2
French Authors,2
satire,2
Toy and movable books,2
Presidents,2
Painters,2
Novela de misterio,2
Abusive mothers,2
Indians of North America,2
Juvenile poetry,2
Chronology,2
Male friendship,2
Manners and customs,2
Blacks,2
Journalists,2
great_books_of_the_western_world,2
Large type books,2
Aristocracy (Social class),2
william,2
Education,2
Alhambra (Granada,2
1564-1616,2
1986,2
Chornobylʹ,2
Ukraine,2
Slaves,2
Plantation life,2
air guns,2
juvenile literature,2
New York Times reviewed,2
Historical fiction,2
united states,2
Women farmers,2
Queer,2
Cartoons and comics,2
Mentally ill,2
African americans,2
physics,2
Businessmen,2
shipwrecks,2
strips,2
Comic books,2
Survival after airplane accidents,2
Werewolves,2
"Historical""",2
Sailors,2
Businesspeople,2
Christian saints,2
Discovery and exploration,2
Detectives,2
Adaptations,2
Steampunk,2
Campaigns,2
Physicians,2
Classical biography,2
series:Harry_Potter,2
Translations into Spanish,2
Black Panther Party,2
Dictionaries,2
Translations into Chinese,2
Ayla (Fictitious character),2
English poetry,2
Rabbits,2
Children and war,2
Massachusetts,2
English Sonnets,2
History and criticism,2
demons,2
Older women,2
Literature - Classics / Criticism,2
romance,2
suspense,2
Gamblers,2
Social problems,2
Fables,2
Twenty-first century,2
Short stories,2
Apologetics,2
Chinese fiction,2
Personal narratives,2
Ancient Ethics,2
Constitutions,2
Post Apocalyptic,2
Spanish Literature,2
Intelligence officers,2
Time travel in fiction,2
Existentialism,2
Humorous fiction,2
Castles,2
Race relations,2
Drug addicts,2
Orphans,2
Lectures et morceaux choisis,2
Sculpture,2
Trials (Murder),2
Regency,2
Exiles,2
series:Twilight,2
Generals,2
Girls,2
Jungles,2
Metamorphosis,2
Officials and employees,2
Action & Adventure Fiction,2
Hunting,2
Miscellanea,2
19th Century,2
Arthurian,2
United states,2
Fathers and daughters,2
Women teachers,2
Soeurs,2
Suspense & Thriller,2
collectionID:EarlyArt,2
Science Fiction & Fantasy,2
Crime & Mystery,2
Miniature books,2
English Manuscripts,2
English literature: Shakespeare texts,2
Conduct of life,2
Baptists,2
England,2
Classic,2
Catholic Church,2
Adultery,2
Cancer,2
Aesthetics,2
Imaginary wars and battles,2
Textbooks,2
Country life,2
series:Luz_e_Escuridão,2
Angels,2
English Children's fiction,1
Guardian and ward,1
Vogons,1
Nobility in fiction,1
1936-1937,1
human shields,1
Master and servant,1
Moscow,1
nyt:paperback_books=2012-02-25,1
Sko nlitteratur,1
Moscow Trials,1
Spanish language,1
Canadian fantasy fiction,1
Gender identity in fiction,1
Canadian authors,1
brothels,1
rifles,1
Narnia (Imaginary place),1
Spanish language materials,1
brain tumors,1
Shirley,1
Pop-up books,1
Poor families,1
Utilitarianism,1
Specimens,1
Mines and mineral resources,1
Folk literature,1
Folklore,1
Murder in fiction,1
Gothic revival (Literature),1
American Short stories,1
psychological thriller,1
dark fantasy,1
Frankenstein (Fictitious character),1
Frankenstein's monster (Fictitious character),1
Novela erótica,1
Novellas,1
the Blitz,1
fauns,1
Turkish Delight,1
detective fiction,1
mystery,1
murder,1
People with visual disabilities,1
Return of the native (Hardy,1
Thomas),1
Buddhist Priests,1
Chinese Folk literature,1
Serie:Percy_Jackson_and_the_Olympians,1
Religious,1
Manners and customs in fiction,1
France -- History -- 19th century -- Fiction,1
Russian literature,1
Dune (Imaginary place),1
Comics & graphic novels,1
Early memories,1
American Horror tales,1
Romance brasileiro,1
Deception,1
Love stories,1
Moški in ženske,1
Captain Hastings (Fictitious character),1
Crime Fiction,1
Fourth dimension,1
English Translations,1
Novela psicológica,1
Philosophical Novels,1
Psychiatrists,1
Wealth,1
Hobbits,1
The Lord of the Rings,1
Louisa May Alcott,1
Children's,1
Chilean literature,1
Spanish American literature,1
form:novel,1
genre:tragedy,1
genre:gothic,1
comic science fiction,1
Reminiscing in old age,1
American Detective and mystery stories,1
Wishes,1
Opera,1
Popular works,1
Time,1
Separation (Psychology),1
Doctrinal Theology,1
Sanatoriums,1
Théorie de la,1
Connaissance,1
Storytellers,1
Plague in literature,1
School stories,1
collections & anthologies,1
Brown,1
father (fictitious character),1
action & adventure,1
Composers,1
Imaginary Voyages,1
Theory of Knowledge,1
Anti-fascist movements,1
Newspaper editors,1
Russian fiction,1
Politics in fiction,1
Bildungsromans,1
animals,1
Sanskrit Lyric poetry,1
Atlantis,1
Dinosaurs,1
England in fiction,1
Working class families,1
Sanskrit Love poetry,1
Life,1
Imperialism,1
Science fiction,1
Prostitutes,1
Letters,1
Scottish Fantasy fiction,1
horror,1
People with disabilities,1
Physically handicapped,1
Ethics,1
Expositions,1
Oz (Imaginary place),1
English Ghost stories,1
English Horror tales,1
Artistic Anatomy,1
Divorce,1
Irish,1
Lamas,1
Philanthropists,1
Wessex (england),1
Sisters,1
John Carter (Fictitious character),1
Anatomy,1
Anatomie humaine,1
Atomic Bomb,1
English Science fiction,1
cats,1
Mummies,1
humor,1
Politicians,1
Roman pour la jeunesse,1
Litterature fantastique,1
Fiction Classics,1
Mental Depression,1
Nuclear warfare,1
Western Civilization,1
English Erotic stories,1
Fairies,1
arthur machen,1
Philip Marlowe (Fictitious character),1
20 av. J.,1
Human-computer interaction,1
Computers,1
Fiction in Spanish,1
Rosemary,1
C.,1
Swordsmen,1
German Historical fiction,1
Dwarves,1
evil,1
Technological innovations,1
austin osman spare,1
Devil,1
pan,1
psychiatric nursing,1
Charlie Bucket (Fictitious character),1
Alan Grant (Fictitious character),1
Christian Apologetics,1
Physicians in fiction,1
psychological,1
classic fiction,1
Andamanese,1
Waterloo,1
Battle of (Belgium : 1815) fast (OCoLC)fst01172689,1
Accident victims,1
American literature,1
Conspiracies,1
Bombings,1
Allegory,1
medical novels,1
Allegories,1
Belgians in fiction,1
Peter (Fictitious character),1
Organized crime,1
Self-experimentation in medicine in fiction,1
Gravitation,1
France in fiction,1
Older men in fiction,1
short stories,1
Detective and mystery fiction,1
Chief Inspector Japp (Fictitious character),1
Men,1
Societies and clubs,1
Dynamics of a particle,1
Mechanics,1
Villages,1
Lord Wimsey,1
Peloponnesian War (Greece : 431-404 B.C.) fast (OCoLC)fst01353967,1
Space warfare,1
Time travel,1
Greek Inscriptions,1
Ancient Geography,1
Middle-aged men,1
impulse,1
responsibility,1
short story,1
Horses,1
Horse,1
classics,1
Haunted houses in fiction,1
Haunted houses,1
Avaricia,1
Chimney sweeps,1
Robin hood (legendary character),1
series: Twilight,1
Pine,1
Sex customs,1
Plays / Drama,1
Neanderthals,1
shamanism,1
English literature: Shakespeare criticism,1
Tea,1
Japanese tea ceremony,1
Superstition,1
British and irish drama (dramatic works by one author),1
sign language,1
performing arts,1
mistaken identities,1
New Thought,1
Widowers,1
Verschollenheit,1
Muerte,1
1797-1851,1
Sexual intercourse,1
Translations into French,1
Paraphilias,1
Frankenstein's monster,1
education,1
Women's rights,1
Monarchy,1
Chinese language materials,1
Chinese Philosophy,1
Regicides,1
83?-30 B.C.,1
Latin Epic poetry,1
Aeneas (Legendary character),1
Shelley,1
Filosofie,1
mary wollstonecraft,1
Semantics,1
Criminal psychology,1
Mothers and sons,1
Redemption,1
Good and evil,1
Hermanas,1
narrative poetry,1
busts,1
Danish,1
English Bible plays,1
Translations from Bengali,1
Bengali poetry,1
Paradise,1
Heaven,1
Economic conditions,1
Authorship,1
Spain),1
España),1
Sex,1
Alhambra,1
French,1
supernatural,1
Odysseus (Greek mythology),1
Runaway husbands,1
Parodies,1
flashback,1
American poetry,1
Wives,1
Romance Frances,1
literary fiction,1
imitations,1
Death of a Salesman,1
Epic poetry,1
French Detective and mystery stories,1
pills,1
dope,1
Aphorisms and apothegms,1
Twins,1
Courtship,1
great britain,1
victor,1
Rāma (Hindu deity),1
Community life,1
French Fables,1
literature,1
coming of age,1
Coal miners,1
Strikes and lockouts,1
English Spy stories,1
Women pioneers,1
California,1
San francisco (calif.),1
Autobiographical fiction,1
Relaciones hombre-mujer,1
Prehistoric peoples,1
demonology,1
Discworld (Imaginary place),1
Metaphysics,1
Immigrants in fiction,1
succubus,1
adventure fiction,1
Communal living,1
fairies,1
Eoin Colfer,1
Artemis Fowl,1
masculinity,1
20th century literature,1
anne (fictitious character),1
corporate espionage,1
American fiction,1
Prince edward island,1
mystery fiction,1
dichogamy,1
funerals,1
bar examinations,1
Certified Public Accountants,1
French fiction,1
Smugglers,1
Hanumān (Hindu deity) in literature,1
Stowaways,1
Ship captains,1
Clergy,1
Military art and science,1
Sci-fi,1
Democracy,1
American government,1
Early America,1
Moneylenders,1
Quentin Blake,1
Roald Dahl,1
Frankenstein,1
Ancient History,1
Sex role,1
Science politique,1
The State,1
Sealing ships,1
Electra (Greek mythology),1
Agamemnon (Greek mythology),1
ritual,1
Life on other planets,1
Psychohistory,1
death row inmates,1
Teen & Young Adult Social Issues,1
Teen & Young Adult Historical Fiction,1
Teen & Young Adult Fiction,1
Forests and forestry,1
Illustrations,1
computers,1
Arranged marriage,1
supercomputers,1
smear campaigns,1
Litterature francaise,1
Animal welfare,1
Nursery rhymes,1
Sophists (Greek philosophy),1
Governesses,1
Alegorical fiction,1
Historias de amor,1
Vida familiar,1
Novela peruana,1
Puppets,1
hieros gamos,1
Spiritual Fiction,1
Literature: Classics,1
Russian,1
Open Library staff picks,1
bombing of Dresden,1
American science fiction,1
Ebenzer Scrooge (Fictitious character),1
Ghost stories,1
Ohio,1
African American History,1
Monasticismo y vida religiosa,1
Jewelry theft,1
Alice (fictitious character : carroll),1
East Indians,1
futurology,1
mires,1
English Civil War,1
crime novel,1
Monsters,1
Bears,1
Fathers and sons,1
The Chronicles of Narnia,1
The Voyage of the Dawn Treader,1
Narnia,1
Jeunes filles,1
Polar bears,1
Political theology,1
Series,1
Miss Marple,1
invisibility,1
Novela,1
Battle of Five Armies,1
Arkenstone,1
Johanna Spyri,1
Russian Empire,1
Adapted for Television,1
Internet Archive Wishlist,1
friendship,1
adventure,1
Senses and sensation,1
school stories,1
Marriage,1
Cousins,1
richard (fictitious character),1
Hannay,1
Pueblos prehistóricos,1
Conscience,1
ghost,1
Shirley Temple,1
Movie tie-in,1
White Ship,1
Orcs,1
Interpersonal relations,1
Aventures,1
oppression,1
starvation,1
severe poverty,1
hobbits,1
Glacial epoch,1
The Anarchy,1
Ents,1
Social classes,1
Single women,1
amyl nitrate,1
catalepsy,1
Battle of Lincoln,1
Family chronicles,1
censorship,1
surveillance,1
dementors,1
Hugo Award Winner,1
antimatter,1
ambigrams,1
heparin,1
High schools,1
award:hugo_award=1970,1
teen fiction,1
Action/Adventure,1
P.I.,1
Private investigator,1
Germany,1
Newbery Medal,1
sci-fi,1
adventure stories,1
romans,1
nyt:mass_market_paperback=2011-07-30,1
military education,1
FICTION / Contemporary Women,1
Waisenkind,1
Proverbs,1
1783-1865,1
Special collections,1
hp lovecraft,1
series:Luz_e_Escuridão School stories,1
Santa in juvenile prison,1
Astronomy,1
Czech drama,1
Edward Cullen (Fictitious character),1
adaptations,1
Meteorology,1
Action & Adventure,1
Russia in fiction,1
Translations into Indonesian,1
English fiction,1
children's books,1
Cold War,1
the Elder Wand,1
psychological thrillers,1
occult & supernatural fiction,1
English Nonsense verses,1
Europe,1
anise,1
Control (Psychology),1
Social control,1
Swans,1
Ducklings,1
Whaling,1
American Sea stories,1
Translations into Gujarati,1
Viajes alrededor del mundo,1
Great Depression,1
arson,1
Triangles (Interpersonal relations),1
Upper class,1
aortic aneurysm,1
Children's Middle Grade Action & Adventure Books,1
covered wagons,1
Osage Nation,1
Lithuanian Americans,1
Slaughtering and slaughter-houses,1
Children's Picture Books,1
Hotels,1
Childrens Media Tie-In Books,1
Battle of Maiwand,1
Catholics,1
Witches and warlocks,1
Children's Books/Ages 9-12 Fiction,1
Runaway teenagers,1
fictional works,1
Hunger,1
Self-actualization (Psychology),1
Personality disorders,1
High school principals,1
Crime and criminals,1
Familia,1
Chilean Authors,1
Heroes,1
Sailing,1
Single-handed sailing,1
Spray (Sloop),1
Molecular biology,1
DNA,1
acide,1
Désoxyribonucléique,1
African American families,1
Russian Authors,1
Erotic literature,1
African American authors,1
Legends and stories,1
Punishment,1
Capital punishment,1
World War 2 1939-1945,1
Holocaust literature,1
dutch,1
personal narratives,1
Greek authors,1
Inc Apple Computer,1
TECHNOLOGY & ENGINEERING / General,1
Mujeres en China,1
Enfants sauvages,1
Ethiopia,1
laws,1
Legal status,1
Jews question,1
Christian martyrs,1
Martyrs,1
Talmud,1
death marches,1
in fiction,1
d. 529 B.C.,1
King of Persia,1
18th century,1
Iran,1
approximately 423 b.c.-approximately 401 b.c.,1
the younger,1
1809-1865,1
Abraham,1
Lincoln,1
Entertainers,1
Anarchism and anarchists,1
English essays,1
Robert M.,1
Pirsig,1
Magicians,1
Alcoholism,1
Alcoholics,1
Abstract Art,1
to 640,1
Mahometanos negros,1
Black Muslims,1
nyt:paperback_graphic_books=2011-09-17,1
history and criticism,1
1772-1834,1
samuel taylor,1
Coleridge,1
Ancient Philosophers,1
graphic novel,1
Economists,1
Americans in fiction,1
Prime ministers,1
lectures,1
essays,1
Addresses,1
Salem’s Lot,1
writing,1
Ravensbrück (Concentration camp),1
Racially mixed people,1
Scottish,1
Afro-American churches,1
Prisoners and prisons,1
German Prisoners and prisons,1
Endurance (Navire),1
Women chemists,1
Career in nursing,1
Prince,1
Cressida (Fictitious character),1
Troilus (Legendary character),1
Government relations,1
Deafblind people,1
Blind-deaf women,1
scientific advancement,1
relativity,1
facetiae,1
Christian biography,1
German,1
Afro-Americans,1
Racism,1
Addams,1
1919-1987,1
primo,1
Levi,1
Interviews,1
Fundació Pilar i Joan Miró a Mallorca,1
Rockets (Ordnance),1
Austro-Hungarian Monarchy. Heer,1
Austro-Hungarian Monarchy,1
Classification,1
Birds in art,1
American Watercolor painting,1
Social service,1
Social settlements,1
1860-1935,1
jane,1
Grace (Theology),1
Deafblind women,1
Mistresses,1
collectionID:Sleazy_pulp,1
Harrison timekeepers,1
Royal Society,1
Pilgrim (Brig),1
Large-type books,1
Alert (Brig : 1843-1862),1
J,1
Spiritual life,1
structures,1
Buildings,1
Architectural drawing,1
1939-1945 World War,1
Adventure Consultants Guided Expedition (1996 : Mount Everest),1
Adventure Consultants. Guided Expedition (1996 : Mount Everest),1
Pioneer children,1
race relations,1
Kendall timekeepers,1
Heads of state,1
Death and burial,1
1870-1871,1
collectionID:Sbodice_ripper,1
Noblesse,1
Nobleza,1
Church of Ireland,1
Romances,1
Roland (Legendary character),1
Franco-Prussian War,1
Ideals (Philosophy),1
Heroin abuse,1
Recreational Drug Use,1
Drug addiction,1
Foster home care,1
Incunabula,1
Legislators,1
Church history,1
Poetas portugueses,1
Plants,1
ALS,1
Wills,1
Educators,1
1856-1915,1
booker t.,1
Washington,1
Religious aspects of Truth,1
Women slaves,1
Antichrist,1
Controversial literature,1
Aeronautics,1
African American abolitionists,1
1818-1895,1
frederick,1
Douglass,1
Yoga,1
memoir,1
sociology,1
Irish Americans,1
1876-1943,1
1725-1798,1
giacomo,1
Casanova,1
English Poets,1
Non-Classifiable,1
Homes and haunts,1
meaning of life,1
psychotherapy,1
Nazi concentration camps,1
National socialism,1
Nationalsozialistische Deutsche Arbeiter-Partei,1
Femmes mariées,1
English Personal narratives,1
Italian Personal narratives,1
Care,1
Yogis,1
Aliens,1
Paranormal Romance,1
Banned Books,1
Journalism,1
Christian Fiction,1
Fae,1
India,1
Retellings,1
French Literature,1
Australia,1
Christmas,1
Addiction,1
Comedy,1
Inspirational,1
Dark Academia,1
European Literature,1
Politics,1
Read For School,1
Drugs,1
African American,1
New Adult,1
Detective,1
Islam,1
Civil War,1
Irish Literature,1
Colleen Hoover,1
Southern,1
Scotland,1
Cyberpunk,1
Contemporary Romance,1
Music,1
Romantic Suspense,1
New York,1
Nature,1
Egypt,1
Race,1
Bureaucracy,1
Irlandeses-americanos,1
Portuguese Poets,1
Juvenile,1
YA,1
Assassins,1
Assassination,1
Antoine (Marcus Antonius),1
1469-1527. Prince,1
Nicolas,1
Machiavel,1
early works to 1800,1
Quotations,1
Miguel de),1
Don Quixote (Cervantes Saavedra,1
Portraits,1
Literatura,1
English drama,1
Early Modern and Elizabethan English Drama,1
Young adult,1
Latin (Medieval and modern),1
Ancient Philosophy,1
Glossaries,1
Fishers,1
Animals in art,1
Escapes,1
American Maxims,1
Prisons,1
Collected works,1
Impressionism (Art),1
Impressionnisme (Art),1
christian,1
Landlord and tenant,1
Ballet,1
Ciencia militar,1
Bushido,1
Aéronautique,1
vocabularies,1
Czech Americans,1
Amsterdam (Netherlands). Stedelijk Museum,1
Amsterdam (Netherlands),1
sources,1
Dadaism,1
Kreissparkasse Köln (Germany),1
Three Graces,1
West Briton,1
Daily Express,1
Chrestomathies and readers,1
Chess,1
Great Britain,1
British Personal narratives,1
Dutch literature,1
ethnic relations,1
autobiographies,1
Tom Sawyer (Fictitious character),1
Veterans,1
Animals (Philosophy),1
Mothers in art,1
Deer,1
Spiritual exercises,1
Stoics,1
Officers,1
Städtische Galerie im Lenbachhaus München,1
Antiquities,1
English Christian literature,1
Untranslated Fiction - General,1
Literature: Texts,1
Capitalism,1
Meditations,1
French essays,1
Traducciones al español,1
German Authors,1
Ficción juvenil,1
Socrates,1
Spiritual retreats,1
Romance italiano,1
German Poets,1
Growth factors,1
atomic bomb,1
Therapist and patient,1
Psychotherapists,1
Family violence,1
Father-Child Relations,1
Methamphetamine abuse - Treatment - California,1
Methamphetamine,1
Princesses,1
Physicists,1
Arches National Monument,1
Health,1
Patients,1
Autobiographies,1
Japanese Authors,1
Marathon running,1
Análisis de casos,1
Manhatten Project,1
Computer scientists,1
Sociologists,1
race discrimination,1
Asian Americans,1
Massachusetts Historical Society,1
Historians,1
Queen,1
Rock musicians,1
Heretics,1
Religious life and customs,1
Heresies,1
Ford Motor Company,1
Graphic novels,1
Cartoonists,1
1937-2005,1
hunter s.,1
Thompson,1
African Americans--Social conditions,1
award:national_book_award=2001,1
Mental,1
Depression,1
Mountaineers,1
Rowers,1
Germany),1
Olympic Games (11th : 1936 : Berlin,1
University of Washington,1
Gifted persons,1
Gay teenagers,1
PayPal (Firm),1
SpaceX (Firm),1
Medieval and modern Latin literature,1
Latin American literature,1
Mormon fundamentalism,1
Perfection,1
Lord's prayer,1
Mysticism,1
Family relationships,1
nyt:combined-print-and-e-book-nonfiction=2021-03-28,1
SOCIAL SCIENCE,1
Nigerian Authors,1
Surgery,1
Mountaineering,1
nyt:combined-print-and-e-book-nonfiction=2020-12-06,1
Acteurs de cinéma,1
Gouverneurs,1
Chirurg,1
Surgeons,1
Law students,1
Gender Studies,1
Harvard Law School,1
Juristenausbildung,1
Muslims,1
Multiple personality,1
German Propaganda,1
nyt:paperback_graphic_books=2012-01-07,1
Seduction,1
Latin Verse satire,1
African American men,1
Bosnian Personal narratives,1
Electronic digital computers,1
Computer programming,1
Motion picture actors and actresses,1
Femmes,1
Professeurs d'anglais,1
1225?-1274,1
saint,1
aquinas,1
psychological aspects,1
antiracism,1
Astronauts,1
Space flight,1
autobiography,1
Gay murderers,1
Serial murders,1
Programming,1
American Poets,1
Kidnapping victims,1
Jazz,1
Giants,1
Wild men in fiction,1
British in fiction,1
Universities and colleges,1
College students,1
Individuality,1
Cheerfulness,1
Aunts,1
Incest,1
Child authors,1
Oligarchy,1
Revolutions,1
Human rights,1
reminiscences,1
Zangeressen,1
Sex crimes,1
Psychology textbooks,1
Canada,1
Emigration and immigration -- Psychological aspects,1
Terapéutica de la reencarnación,1
Women educators,1
Montessori method of education,1
Electric engineering,1
Electric engineers,1
Seals (Numismatics),1
Diseases,1
Frontal lobes,1
Mental health,1
Parental influences,1
Feminist theory,1
Social aspects,1
Tuberculosis in fiction,1
Sexually abused children,1
1991,1
Reincarnation therapy,1
Communication,1
Mass media,1
Books and reading,1
etc.,1
Statesmen,1
Potawatomi Indians,1
Ecology,1
German Elegiac poetry,1
German poetry,1
English Women authors,1
Dutch Colonial houses,1
Lesbian authors,1
miscellanea,1
1900-1945,1
social life and customs,1
London (england),1
Psychical research,1
University of Edinburgh,1
Buda y budismo,1
Effect of chemicals on,1
Chelsea Hotel,1
Imperialismo,1
Economistas,1
Bedouins,1
Arabs,1
Autobiographie,1
Ma dchen,1
Beschneidung,1
Gardening,1
Germany in fiction,1
Zoologists,1
Natural history,1
Désobéissance civile,1
Resistance to Government,1
Résistance au gouvernement,1
litigation,1
Women poets,1
Women rock musicians,1
Advertising executives,1
aerial operations,1
Advertising,1
Telemachus (Greek mythology),1
Religious aspects of Success,1
Success,1
ca. 1600-1775,1
colonial period,1
Lancaster (mass.),1
Bio-bibliography,1
Suicidal behavior,1
Future life,1
Fighter pilots,1
1910-1982,1
douglas,1
Bader,1
british,1
Trials,1
Judicial error,1
Interview,1
Motion pictue producers and directors,1
New york (n.y.),1
Birds,1
Biophysics,1
Biological aspects,1
Life (Biology),1
Anglican converts,1
1805-1807,1
Burr Conspiracy,1
Stateless persons in fiction,1
Blackwell's Island,1
New York (N.Y.). Lunatic Asylum,1
Commitment and detention,1
Utopian fiction,1
humorous,1
War in Fiction,1
Merton,1
1915-1968,1
Trappists,1
Home schooling,1
Neurosurgeons,1
philosophy,1
Dutch Americans,1
Mathématiciens,1
Schizofrenie,1
Schizophrenics,1
Subculture,1
Booksellers and bookselling,1
Mort,1
Translations into Ukrainian,1
Italian literature,1
nyt:paperback_nonfiction=2007-01-28,1
Christmas stories,1
Magi,1
Advertising agencies,1
Veterinarians,1
nyt:e-book-nonfiction=2016-04-10,1
Roman emperors,1
Assertiveness in women,1
Psykologi,1
Sheryl,1
Sandberg,1
Brokers,1
Salomon Brothers,1
Environmental aspects of Chernobyl Nuclear Accident,1
Environmental aspects,1
Chernobyl Nuclear Accident,1
poetical works,1
Young Adult Fiction,1
Juvenile Nonfiction,1
Psychoanalysts,1
Grief,1
1932-2003,1
Books,1
Emperors,1
200,1
Atrocities,1
United States. National Aeronautics and Space Administration,1
African American mathematicians,1
Political atrocities,1
HUMOR,1
PERFORMING ARTS,1
apartheid,1
Jewish children in the Holocaust,1
Venus (Roman deity),1
Adonis (Greek deity),1
Brothers,1
Indians of Mexico,1
Cannibalism,1
Indigenous peoples,1
Research,1
Cell culture,1
john gregory,1
Dunne,1
Residents (Medicine),1
Physician and patient,1
David Sedaris,1
Mauritius in fiction,1
United Nations,1
Prostitution,1
Camps,1
Horror tales,1
Dysfunctional families,1
Problem families,1
Toxicomanes,1
Imperial Trans-Antarctic Expedition (1914-1917),1
Mothers,1
Race identity,1
Mulattoes,1
Anglican Communion,1
200 Catholic Church,1
teens,1
teenagers,1
nyt:hardcover_political_books=2012-02-25,1
Pimps,1
Beat generation,1
Vrouwen,1
Black nationalism,1
Mathematicians,1
Social mobility,1
Mountain people,1
Influence,1
Prisoners of war,1
sports,1
runners,1
Tarahumara Indians,1
Cocineros,1
Cooks,1
Theater,1
Capital,1
